step,loss,elapsed_sec,lr
1,3.1867,14.2,2e-05
2,3.0107,26.0,4e-05
3,3.2313,36.9,6e-05
4,3.0839,48.2,8e-05
5,3.1256,58.9,0.0001
6,3.2647,69.9,0.00012
7,3.2624,80.2,0.00014
8,2.9315,91.4,0.00016
9,2.9319,101.8,0.00018
10,2.7466,113.3,0.0002
11,2.7538,124.0,0.0001999863304992469
12,2.6557,135.1,0.00019994532573409262
13,2.4954,145.9,0.00019987699691483048
14,2.4632,156.5,0.00019978136272187747
15,2.2461,167.5,0.000199658449300667
16,2.1508,178.2,0.00019950829025450114
17,2.1919,188.7,0.00019933092663536382
18,2.0552,199.4,0.00019912640693269752
19,1.8845,211.1,0.00019889478706014687
20,1.8193,222.0,0.00019863613034027224
21,1.7905,232.6,0.00019835050748723824
22,1.6055,243.1,0.00019803799658748094
23,1.611,254.2,0.00019769868307835994
24,1.5453,264.9,0.0001973326597248006
25,1.4108,276.0,0.00019694002659393305
26,1.3238,286.7,0.00019652089102773488
27,1.1882,297.3,0.00019607536761368484
28,1.1085,308.4,0.00019560357815343577
29,1.0768,319.4,0.00019510565162951537
30,0.9717,330.1,0.00019458172417006347
31,0.8885,340.9,0.00019403193901161613
32,0.8777,352.1,0.0001934564464599461
33,1.1491,363.2,0.00019285540384897073
34,0.8535,373.9,0.00019222897549773848
35,0.8037,384.9,0.00019157733266550575
36,0.6795,396.1,0.00019090065350491626
37,0.5582,406.9,0.00019019912301329592
38,0.4461,416.8,0.00018947293298207635
39,0.5677,427.8,0.0001887222819443612
40,0.5834,438.0,0.0001879473751206489
41,0.4638,449.9,0.00018714842436272773
42,0.444,460.7,0.00018632564809575742
43,0.3272,471.2,0.0001854792712585539
44,0.3986,482.1,0.00018460952524209355
45,0.2804,492.3,0.00018371664782625287
46,0.3449,502.7,0.00018280088311480201
47,0.4847,513.9,0.00018186248146866927
48,0.3554,525.3,0.00018090169943749476
49,0.3306,536.5,0.0001799187996894925
50,0.3266,547.4,0.00017891405093963938
51,0.2035,557.9,0.00017788772787621126
52,0.4617,568.5,0.00017684011108568592
53,0.3706,579.8,0.0001757714869760335
54,0.2883,591.0,0.0001746821476984154
55,0.2795,601.8,0.00017357239106731317
56,0.2606,612.3,0.00017244252047910892
57,0.2757,623.0,0.00017129284482913972
58,0.226,634.1,0.00017012367842724887
59,0.2124,644.9,0.0001689353409118566
60,0.2585,655.6,0.00016772815716257412
61,0.2347,666.6,0.0001665024572113848
62,0.2349,677.0,0.00016525857615241687
63,0.3505,688.9,0.00016399685405033167
64,0.1499,699.8,0.0001627176358473537
65,0.2788,711.4,0.0001614212712689668
66,0.2154,722.5,0.00016010811472830252
67,0.2186,733.6,0.00015877852522924732
68,0.2145,745.0,0.00015743286626829437
69,0.2884,755.6,0.0001560715057351673
70,0.3803,767.1,0.00015469481581224272
71,0.2138,777.9,0.0001533031728727994
72,0.2723,788.3,0.00015189695737812152
73,0.2291,799.9,0.0001504765537734844
74,0.2724,811.3,0.00014904235038305083
75,0.1339,821.5,0.00014759473930370736
76,0.2226,832.2,0.0001461341162978688
77,0.2181,843.4,0.00014466088068528068
78,0.3219,854.7,0.00014317543523384928
79,0.1763,866.1,0.00014167818604952906
80,0.1639,876.8,0.00014016954246529696
81,0.2112,888.3,0.00013864991692924523
82,0.2936,899.9,0.00013711972489182208
83,0.1454,911.1,0.00013557938469225167
84,0.1653,921.9,0.00013402931744416433
85,0.1697,932.9,0.00013246994692046836
86,0.253,944.3,0.00013090169943749476
87,0.1493,955.4,0.0001293250037384465
88,0.1572,966.7,0.00012774029087618446
89,0.1704,977.5,0.00012614799409538198
90,0.1941,988.4,0.00012454854871407994
91,0.1688,999.3,0.00012294239200467516
92,0.1279,1009.6,0.0001213299630743747
93,0.1471,1020.0,0.00011971170274514802
94,0.1894,1030.6,0.000118088053433211
95,0.1739,1041.7,0.00011645945902807341
96,0.257,1052.7,0.0001148263647711842
97,0.24,1064.2,0.00011318921713420691
98,0.2621,1075.2,0.00011154846369695863
99,0.1766,1086.4,0.0001099045530250463
100,0.1996,1097.9,0.00010825793454723325
101,0.1906,1109.1,0.00010660905843256994
102,0.2214,1120.9,0.00010495837546732224
103,0.1311,1131.9,0.00010330633693173082
104,0.2034,1143.3,0.00010165339447663587
105,0.2147,1154.3,0.0001
106,0.1525,1165.2,9.834660552336415e-05
107,0.1329,1176.6,9.669366306826919e-05
108,0.2237,1188.1,9.504162453267777e-05
109,0.1912,1199.3,9.339094156743007e-05
110,0.131,1209.7,9.174206545276677e-05
111,0.2168,1220.5,9.009544697495374e-05
112,0.2057,1231.6,8.845153630304139e-05
113,0.2111,1243.2,8.681078286579311e-05
114,0.1909,1254.1,8.517363522881579e-05
115,0.191,1265.2,8.35405409719266e-05
116,0.1269,1275.6,8.191194656678904e-05
117,0.22,1286.4,8.028829725485199e-05
118,0.2189,1298.0,7.867003692562534e-05
119,0.2062,1308.6,7.705760799532485e-05
120,0.186,1319.9,7.54514512859201e-05
121,0.1327,1331.4,7.385200590461803e-05
122,0.1846,1342.8,7.225970912381556e-05
123,0.1682,1354.2,7.067499626155354e-05
124,0.1304,1365.0,6.909830056250527e-05
125,0.1978,1376.0,6.753005307953167e-05
126,0.1917,1386.8,6.59706825558357e-05
127,0.1819,1398.3,6.442061530774834e-05
128,0.1661,1408.9,6.28802751081779e-05
129,0.1336,1419.9,6.135008307075481e-05
130,0.1988,1431.3,5.983045753470308e-05
131,0.1247,1442.3,5.832181395047098e-05
132,0.161,1453.5,5.6824564766150726e-05
133,0.1472,1465.1,5.533911931471936e-05
134,0.1723,1476.3,5.386588370213124e-05
135,0.1698,1487.4,5.240526069629265e-05
136,0.1701,1499.0,5.095764961694922e-05
137,0.1873,1510.0,4.952344622651566e-05
138,0.1605,1520.7,4.810304262187852e-05
139,0.1761,1532.1,4.669682712720065e-05
140,0.1344,1543.5,4.530518418775733e-05
141,0.2345,1554.6,4.392849426483274e-05
142,0.2448,1566.1,4.256713373170564e-05
143,0.1649,1577.4,4.12214747707527e-05
144,0.2045,1588.6,3.9891885271697496e-05
145,0.198,1600.7,3.857872873103322e-05
146,0.2146,1612.2,3.7282364152646297e-05
147,0.1014,1622.7,3.600314594966834e-05
148,0.1287,1633.8,3.4741423847583134e-05
149,0.1354,1644.8,3.349754278861517e-05
150,0.2126,1655.9,3.227184283742591e-05
151,0.138,1666.4,3.106465908814342e-05
152,0.1821,1677.8,2.9876321572751144e-05
153,0.1701,1688.4,2.87071551708603e-05
154,0.1723,1699.7,2.7557479520891104e-05
155,0.1238,1710.6,2.6427608932686843e-05
156,0.1566,1721.7,2.5317852301584643e-05
157,0.1797,1732.8,2.422851302396655e-05
158,0.1377,1743.6,2.315988891431412e-05
159,0.1503,1754.9,2.2112272123788768e-05
160,0.1202,1765.7,2.1085949060360654e-05
161,0.1767,1778.2,2.008120031050753e-05
162,0.128,1788.9,1.9098300562505266e-05
163,0.1339,1799.9,1.8137518531330767e-05
164,0.1468,1810.3,1.7199116885197995e-05
165,0.1667,1821.5,1.6283352173747145e-05
166,0.1979,1832.6,1.5390474757906446e-05
167,0.1293,1844.0,1.4520728741446089e-05
168,0.1175,1854.5,1.3674351904242611e-05
169,0.1755,1865.6,1.2851575637272262e-05
170,0.2096,1876.9,1.2052624879351104e-05
171,0.1549,1888.6,1.1277718055638819e-05
172,0.1195,1899.6,1.0527067017923654e-05
173,0.1931,1910.8,9.80087698670411e-06
174,0.1507,1922.0,9.09934649508375e-06
175,0.1186,1932.8,8.422667334494249e-06
176,0.1213,1944.0,7.771024502261526e-06
177,0.1446,1955.1,7.144596151029303e-06
178,0.1804,1966.4,6.543553540053926e-06
179,0.2111,1977.8,5.968060988383883e-06
180,0.1555,1989.4,5.418275829936537e-06
181,0.134,2000.4,4.8943483704846475e-06
182,0.2206,2011.9,4.3964218465642355e-06
183,0.1995,2023.8,3.924632386315186e-06
184,0.106,2035.9,3.4791089722651436e-06
185,0.0972,2046.5,3.059973406066963e-06
186,0.1554,2057.3,2.667340275199426e-06
187,0.1198,2067.3,2.3013169216400733e-06
188,0.171,2078.5,1.9620034125190644e-06
189,0.2026,2089.2,1.6494925127617634e-06
190,0.15,2100.3,1.3638696597277679e-06
191,0.1449,2111.4,1.1052129398531507e-06
192,0.1891,2122.1,8.735930673024806e-07
193,0.105,2132.7,6.690733646361857e-07
194,0.1732,2143.3,4.917097454988584e-07
195,0.177,2154.2,3.415506993330153e-07
196,0.1382,2165.0,2.1863727812254653e-07
197,0.1807,2175.3,1.230030851695263e-07
198,0.1788,2186.7,5.467426590739511e-08
199,0.1258,2197.8,1.3669500753099585e-08
200,0.1549,2208.9,0.0
