step,loss,elapsed_sec,lr
1,5.9616,317.3,0.0
2,6.2748,319.8,6.666666666666667e-05
3,6.0097,324.3,0.00013333333333333334
4,5.2695,331.6,0.0002
5,3.0756,336.3,0.00019984815164333163
6,2.473,340.0,0.00019939306773179497
7,1.7528,342.5,0.00019863613034027224
8,1.048,344.9,0.00019757963826274357
9,0.8865,347.0,0.00019622680003092503
10,0.6786,349.3,0.00019458172417006347
11,0.4606,351.6,0.00019264940672148018
12,0.4011,354.0,0.00019043571606975777
13,0.1427,356.6,0.0001879473751206489
14,0.2042,358.8,0.00018519194088383273
15,0.1313,361.1,0.0001821777815225245
16,0.0989,363.3,0.00017891405093963938
17,0.2937,365.5,0.00017541066097768963
18,0.186,368.2,0.00017167825131684513
19,0.0619,370.3,0.00016772815716257412
20,0.2237,372.5,0.00016357237482099684
21,0.0603,375.7,0.00015922352526649803
22,0.0811,377.8,0.00015469481581224272
23,0.0804,380.5,0.00015000000000000001
24,0.1197,382.9,0.00014515333583108896
25,0.1359,385.4,0.00014016954246529696
26,0.1068,387.5,0.00013506375551927547
27,0.0713,389.8,0.00012985148110016947
28,0.0882,392.4,0.00012454854871407994
29,0.0536,394.8,0.00011917106319237386
30,0.0438,397.0,0.00011373535578184082
31,0.0862,399.3,0.00010825793454723325
32,0.0264,401.7,0.00010275543423681621
33,0.1172,404.3,9.724456576318381e-05
34,0.0575,406.8,9.174206545276677e-05
35,0.1897,409.2,8.626464421815919e-05
36,0.0438,411.5,8.082893680762619e-05
37,0.047,414.1,7.54514512859201e-05
38,0.0201,416.6,7.014851889983057e-05
39,0.0372,419.1,6.493624448072457e-05
40,0.0051,421.5,5.983045753470308e-05
41,0.0155,424.8,5.484666416891109e-05
42,0.0027,427.2,5.000000000000002e-05
43,0.0253,430.0,4.530518418775733e-05
44,0.0158,432.4,4.077647473350201e-05
45,0.0126,434.9,3.642762517900322e-05
46,0.0055,437.3,3.227184283742591e-05
47,0.01,439.7,2.8321748683154893e-05
48,0.0431,442.5,2.4589339022310386e-05
49,0.0696,445.1,2.1085949060360654e-05
50,0.0323,447.7,1.7822218477475494e-05
51,0.007,450.4,1.4808059116167305e-05
52,0.0425,453.0,1.2052624879351104e-05
53,0.0015,455.6,9.564283930242257e-06
54,0.0115,458.1,7.350593278519824e-06
55,0.0009,460.5,5.418275829936537e-06
56,0.0304,462.8,3.7731999690749585e-06
57,0.0308,465.2,2.420361737256438e-06
58,0.0193,467.8,1.3638696597277679e-06
59,0.0419,470.2,6.069322682050516e-07
60,0.014,472.5,1.518483566683826e-07
